,order_id,first_name,last_name,email,Shipping Address,Shipping Country,Shipping Type,item,Colour,size
1,1324,Shari,Farlambe,sfarlambe1@sun.com,9265 Canary Pass,Peru,1 Day,Hat,Yellow,Small
5,2020,Aldric,Ravillas,aravillas5@devhub.com,83568 Sullivan Hill,China,1 Day,Hat,Black,Large
11,9060,Kit,Josham,kjoshamb@usda.gov,80070 Claremont Trail,Iraq,1 Day,Sweatshirt,White,Medium
15,2060,Willi,Christauffour,wchristauffourf@comsenz.com,3948 Blackbird Crossing,New Zealand,1 Day,Sweatshirt,Grey,Large
19,2131,Merell,Gallanders,mgallandersj@independent.co.uk,624 Sommers Hill,China,1 Day,Hat,Grey,Large
23,3915,Peggy,Nutkins,pnutkinsn@zdnet.com,506 Northwestern Park,Poland,1 Day,Hoody,Red,Medium
26,5577,Thaine,Rydeard,trydeardq@alexa.com,8360 Shelley Parkway,Barbados,1 Day,Hat,Yellow,Small
29,6772,Jorrie,Hebburn,jhebburnt@psu.edu,213 Bellgrove Trail,Indonesia,1 Day,Sweatshirt,Grey,Large
31,7087,Leone,Frude,lfrudev@dedecms.com,7906 Clemons Avenue,Peru,1 Day,Hoody,Black,X Large
32,6881,Leroi,Corryer,lcorryerw@auda.org.au,8415 Del Mar Center,China,1 Day,TShirt,Grey,Large
34,6175,Son,Burbury,sburburyy@weibo.com,030 La Follette Place,Indonesia,1 Day,TShirt,Yellow,Small
36,6661,Fitz,Campes,fcampes10@people.com.cn,98312 Glendale Way,Bosnia and Herzegovina,1 Day,Sweatshirt,White,Large
37,6282,Cele,Solloway,csolloway11@livejournal.com,15 Express Trail,Philippines,1 Day,Hat,Red,Small
39,1154,Darn,Polland,dpolland13@vinaora.com,66327 La Follette Lane,Brazil,1 Day,TShirt,White,Small
41,1777,Chan,Duchesne,cduchesne15@live.com,071 Pine View Point,Peru,1 Day,TShirt,Black,Medium
42,3483,Sarge,Flattman,sflattman16@networkadvertising.org,3859 Packers Terrace,Portugal,1 Day,Hoody,White,Large
45,4246,Johnny,Sutlieff,jsutlieff19@arstechnica.com,64424 Pepper Wood Pass,Bulgaria,1 Day,TShirt,Red,Medium
47,5016,Gusella,Milburne,gmilburne1b@answers.com,4288 Riverside Park,Cameroon,1 Day,TShirt,Black,Medium
50,2014,Cullen,Heale,cheale1e@trellian.com,3418 Carpenter Court,Philippines,1 Day,Hoody,Yellow,Small
51,9374,Cathe,Tiffney,ctiffney1f@godaddy.com,1 Shopko Center,Indonesia,1 Day,Sweatshirt,Grey,X Large
54,3322,Lorain,Trewinnard,ltrewinnard1i@booking.com,8493 Oak Pass,Czech Republic,1 Day,Hat,Black,Medium
56,9387,Gabie,Longshaw,glongshaw1k@taobao.com,39525 Portage Park,Philippines,1 Day,TShirt,Grey,X Large
57,6804,Cissy,Eveleigh,ceveleigh1l@weather.com,88 Cottonwood Plaza,Russia,1 Day,Hat,Yellow,Medium
58,3482,Durante,Southcomb,dsouthcomb1m@salon.com,13593 Vernon Trail,China,1 Day,Sweatshirt,Red,Medium
63,1656,Hilarius,Garvagh,hgarvagh1r@hugedomains.com,8 Northview Point,Thailand,1 Day,Hoody,Yellow,X Large
64,9345,Husain,Rogger,hrogger1s@craigslist.org,240 Meadow Vale Point,Albania,1 Day,TShirt,White,Small
65,5548,Midge,Kield,mkield1t@liveinternet.ru,7 Burning Wood Road,Czech Republic,1 Day,Hoody,White,X Large
67,1998,Selina,D'Ruel,sdruel1v@scribd.com,20 Southridge Center,China,1 Day,Hoody,Yellow,X Large
76,3982,Alexina,Thornley,athornley24@indiatimes.com,9105 Grayhawk Trail,China,1 Day,Sweatshirt,Black,X Large
78,9458,Lamar,Eitter,leitter26@blogtalkradio.com,499 Mallard Avenue,Thailand,1 Day,Sweatshirt,Black,Small
79,5068,Tybalt,Stonner,tstonner27@yolasite.com,66146 Briar Crest Trail,China,1 Day,Sweatshirt,Red,Small
80,2079,Noll,Pree,npree28@time.com,732 4th Trail,Canada,1 Day,Hoody,White,X Large
83,6500,Anabella,Tollfree,atollfree2b@aol.com,306 Oak Valley Plaza,Portugal,1 Day,Hoody,White,Small
84,1356,Abbey,Oehm,aoehm2c@unblog.fr,6 Homewood Avenue,France,1 Day,Sweatshirt,Black,Medium
89,7793,Gerty,O'Bradane,gobradane2h@symantec.com,3 Nancy Crossing,Germany,1 Day,TShirt,Red,Large
93,7081,Dewain,Hylton,dhylton2l@un.org,61937 Londonderry Park,China,1 Day,TShirt,Grey,Small
99,1927,Justinian,Minghi,jminghi2r@hao123.com,88659 Grasskamp Junction,Portugal,1 Day,Hat,Grey,X Large
101,9186,Geri,Easter,geaster2t@msn.com,9 Starling Center,Russia,1 Day,Sweatshirt,White,Small
103,7080,Doyle,McKinley,dmckinley2v@list-manage.com,260 Clemons Pass,Russia,1 Day,TShirt,Red,X Large
104,4249,Ellette,D'orsay,edorsay2w@ucoz.com,2262 Butternut Alley,China,1 Day,Sweatshirt,Black,Large
106,5232,Irwin,Brims,ibrims2y@nydailynews.com,1030 Talisman Hill,Brazil,1 Day,Hat,Grey,Large
110,9990,Ilyssa,Slingsby,islingsby32@vkontakte.ru,761 Ronald Regan Lane,Macedonia,1 Day,Sweatshirt,Yellow,X Large
113,2793,Moore,Halso,mhalso35@who.int,290 Badeau Pass,Peru,1 Day,Hat,Yellow,X Large
117,3976,Jenni,Straneo,jstraneo39@about.me,6 Kings Center,China,1 Day,Sweatshirt,Yellow,X Large
118,8188,Inge,Haskur,ihaskur3a@whitehouse.gov,42253 Vermont Crossing,Brazil,1 Day,Hoody,Red,Medium
121,8377,Ebonee,Ogden,eogden3d@npr.org,41 Fulton Point,Kenya,1 Day,Hoody,Red,Large
122,3153,Rolando,Fumagallo,rfumagallo3e@biglobe.ne.jp,2 Nobel Junction,Indonesia,1 Day,TShirt,Yellow,X Large
127,7847,Sidnee,Strank,sstrank3j@icio.us,7293 Evergreen Plaza,Afghanistan,1 Day,Sweatshirt,White,Small
129,2044,Tracey,Rosevear,trosevear3l@amazon.co.jp,9 Norway Maple Parkway,China,1 Day,Hat,Grey,Medium
131,8730,Darlene,Avraham,davraham3n@nationalgeographic.com,7810 Stoughton Park,Libya,1 Day,Hat,Red,Medium
132,9693,Jamil,Beldan,jbeldan3o@unesco.org,24 Laurel Place,China,1 Day,Hat,Yellow,Large
133,9394,Frazer,Gotter,fgotter3p@army.mil,89232 Ridge Oak Parkway,China,1 Day,Hoody,White,X Large
136,6881,Dorotea,Lonnon,dlonnon3s@java.com,4 Heffernan Center,China,1 Day,Sweatshirt,Yellow,Small
143,7283,Denys,Daintree,ddaintree3z@samsung.com,2822 Melvin Parkway,Serbia,1 Day,Sweatshirt,Yellow,Medium
144,7848,Conrado,Heijne,cheijne40@weather.com,885 Elka Road,Nicaragua,1 Day,Sweatshirt,Grey,X Large
147,8547,Porty,Ladon,pladon43@feedburner.com,6930 Longview Hill,Russia,1 Day,Hat,White,Small
155,5558,Ellerey,Halgarth,ehalgarth4b@prnewswire.com,54683 Red Cloud Trail,Colombia,1 Day,Hat,Yellow,Large
157,6884,Tammy,Schutt,tschutt4d@g.co,001 Dorton Road,Malta,1 Day,Sweatshirt,Black,Large
164,5159,Natal,Martina,nmartina4k@imgur.com,70215 Lakeland Terrace,Argentina,1 Day,TShirt,Black,Large
165,8313,Chantal,Marxsen,cmarxsen4l@intel.com,97960 Cambridge Street,China,1 Day,Hat,Grey,X Large
166,1020,Augustin,Henningham,ahenningham4m@washingtonpost.com,567 Dakota Place,Philippines,1 Day,Hoody,Grey,Small
170,6753,Waiter,Kelley,wkelley4q@cocolog-nifty.com,24349 Superior Hill,Venezuela,1 Day,Sweatshirt,Yellow,Medium
173,7333,Clo,Sher,csher4t@gravatar.com,14 Hovde Avenue,Panama,1 Day,Hoody,Red,Medium
175,2194,Bordy,Wehner,bwehner4v@alibaba.com,44 Crowley Street,Colombia,1 Day,TShirt,Red,Small
178,1172,Lorri,Bickerton,lbickerton4y@spotify.com,1808 Blackbird Parkway,Russia,1 Day,Hoody,Black,Large
183,8006,Hewett,Beacom,hbeacom53@spotify.com,94225 Becker Crossing,Portugal,1 Day,TShirt,White,Medium
190,5117,Neron,Roscoe,nroscoe5a@disqus.com,5458 Coolidge Crossing,Russia,1 Day,Sweatshirt,White,Small
192,4499,Doe,Rofe,drofe5c@yolasite.com,3 Nancy Trail,Hungary,1 Day,Hoody,Red,Small
193,8934,Sky,Skrzynski,sskrzynski5d@gizmodo.com,3 Barby Parkway,China,1 Day,Hat,White,X Large
199,8157,Nick,Saye,nsaye5j@icio.us,578 Thackeray Parkway,Portugal,1 Day,TShirt,Red,Large
200,9285,Latrina,Tunder,ltunder5k@go.com,3 Lighthouse Bay Street,Malaysia,1 Day,TShirt,Yellow,Small
201,2817,Der,McGinny,dmcginny5l@furl.net,619 Homewood Drive,Sweden,1 Day,Sweatshirt,Yellow,X Large
202,6497,Doralynn,Romeril,dromeril5m@tmall.com,4297 Badeau Street,Brazil,1 Day,Hat,Red,X Large
203,9631,Hort,Sanham,hsanham5n@smh.com.au,23 Kedzie Terrace,China,1 Day,TShirt,Black,Large
206,5983,Arch,Burwood,aburwood5q@slideshare.net,5627 Village Alley,China,1 Day,Hat,Red,Large
207,9322,Pinchas,Petras,ppetras5r@reuters.com,66349 Hanson Court,Indonesia,1 Day,Hoody,Black,Large
209,2025,Truman,Growcott,tgrowcott5t@marriott.com,60365 School Plaza,China,1 Day,Sweatshirt,Red,Medium
211,3976,Allsun,Woodgate,awoodgate5v@virginia.edu,84 Merry Point,Bosnia and Herzegovina,1 Day,TShirt,Red,X Large
217,3940,Waylen,Sturges,wsturges61@ed.gov,2 School Center,Russia,1 Day,Hat,White,X Large
226,4025,Rodge,Keenleyside,rkeenleyside6a@cnn.com,78955 Kings Avenue,China,1 Day,Hat,Grey,X Large
230,4860,Estrella,Blanko,eblanko6e@uol.com.br,9 Bunting Place,Greece,1 Day,Hoody,Black,Small
231,6226,Veradis,Leivers,vleivers6f@1und1.de,2720 Carberry Point,Philippines,1 Day,Hat,Yellow,X Large
232,8290,Vergil,Lacroutz,vlacroutz6g@ning.com,9 Coleman Plaza,France,1 Day,Sweatshirt,Red,Large
237,1806,Kat,Salsbury,ksalsbury6l@nationalgeographic.com,01491 Lake View Street,Indonesia,1 Day,Hoody,White,X Large
239,4614,Lyn,McCourt,lmccourt6n@cam.ac.uk,5004 Chinook Alley,Mexico,1 Day,Hat,Grey,Large
241,4454,Robers,Joynson,rjoynson6p@jalbum.net,35873 Continental Crossing,Russia,1 Day,Hat,White,Small
249,7479,Margareta,Starbeck,mstarbeck6x@free.fr,222 Summerview Plaza,Benin,1 Day,Hat,Grey,Medium
250,6965,Aurlie,Rapper,arapper6y@jiathis.com,54222 Monterey Crossing,Sweden,1 Day,Hoody,Black,X Large
257,8876,Keri,Allot,kallot75@livejournal.com,7086 Northport Street,Russia,1 Day,Hoody,Red,X Large
258,3140,Evered,January,ejanuary76@meetup.com,193 Sunfield Lane,Sweden,1 Day,Sweatshirt,White,Medium
263,1779,Joellen,Lorente,jlorente7b@goo.ne.jp,3 Pankratz Point,Argentina,1 Day,Hoody,Yellow,X Large
265,7434,Sydel,Kennett,skennett7d@ifeng.com,6 Forest Run Pass,Brazil,1 Day,Hat,White,X Large
267,6343,Aubert,Corris,acorris7f@bloglines.com,13891 Garrison Crossing,Micronesia,1 Day,Hoody,Grey,X Large
268,1063,Darwin,Gardiner,dgardiner7g@sciencedaily.com,071 Duke Road,China,1 Day,Hoody,Black,X Large
269,3266,Claudianus,Cowdroy,ccowdroy7h@wunderground.com,338 Crowley Drive,Sweden,1 Day,Hoody,Red,Large
277,2432,Anny,Worsham,aworsham7p@mozilla.org,966 Carey Place,Indonesia,1 Day,TShirt,White,Large
278,3243,Alan,Yandle,ayandle7q@businessweek.com,6 Dakota Plaza,Philippines,1 Day,TShirt,White,Small
283,7878,Magda,Di Maria,mdimaria7v@sbwire.com,3 Macpherson Plaza,Ecuador,1 Day,Hoody,Grey,Small
285,7051,Meggy,Suddaby,msuddaby7x@amazonaws.com,50 Service Center,Argentina,1 Day,TShirt,Grey,Small
288,5923,Gaspard,Knuckles,gknuckles80@cbc.ca,8 Bluestem Trail,China,1 Day,Hat,Black,X Large
289,7805,Eal,Johantges,ejohantges81@discovery.com,3653 Morningstar Parkway,China,1 Day,TShirt,Grey,Small
290,1108,Duane,Basey,dbasey82@mac.com,91338 Pankratz Place,Ukraine,1 Day,TShirt,White,Medium
300,9908,Jamaal,Bickerstaff,jbickerstaff8c@yellowpages.com,0 Lakewood Gardens Road,Indonesia,1 Day,Sweatshirt,Black,Large
303,6380,Reagan,Bresson,rbresson8f@dmoz.org,169 Debs Street,Russia,1 Day,Hat,Yellow,Small
306,6791,Eirena,Stapley,estapley8i@admin.ch,25 Hollow Ridge Terrace,Colombia,1 Day,Hat,Yellow,Small
309,7710,Freddie,Tenman,ftenman8l@discovery.com,216 Maple Wood Hill,Jamaica,1 Day,Hoody,Grey,X Large
310,3750,Kippie,Jupp,kjupp8m@slideshare.net,597 Twin Pines Plaza,Indonesia,1 Day,TShirt,Red,Small
313,7331,Melinda,Andrysek,mandrysek8p@army.mil,13 Summit Junction,Lithuania,1 Day,Sweatshirt,Yellow,Small
321,5417,Sherman,Korneichik,skorneichik8x@blogger.com,10698 Westport Pass,Indonesia,1 Day,Hat,Black,X Large
323,7971,Mair,Emons,memons8z@businessweek.com,2 Hagan Crossing,Vietnam,1 Day,Hat,Yellow,Medium
324,6897,Crystal,Barbe,cbarbe90@uiuc.edu,3218 Jay Park,Philippines,1 Day,Hat,White,X Large
325,4861,Reginauld,Lune,rlune91@dot.gov,669 Westend Lane,Taiwan,1 Day,Sweatshirt,Red,Small
326,1062,Vera,Maneylaws,vmaneylaws92@google.fr,69663 East Crossing,South Korea,1 Day,Sweatshirt,Yellow,Small
327,9933,Che,Sanbrook,csanbrook93@tamu.edu,4 Coolidge Pass,United States,1 Day,Sweatshirt,Red,Medium
331,1151,Benedetta,Rowdell,browdell97@guardian.co.uk,22 Alpine Circle,Sweden,1 Day,Hoody,Black,Large
332,6922,Goldarina,Cymper,gcymper98@slideshare.net,28521 Muir Trail,Peru,1 Day,Hat,Black,Large
341,9376,Erminie,Edess,eedess9h@51.la,0 Rieder Circle,China,1 Day,Hat,Red,Medium
342,1014,Marylinda,Coupar,mcoupar9i@cnbc.com,9494 Sunnyside Parkway,Finland,1 Day,Hat,Yellow,X Large
344,2809,Claude,Gohier,cgohier9k@washingtonpost.com,52 Memorial Plaza,Russia,1 Day,Hat,Black,Medium
347,4938,Dalston,Mattei,dmattei9n@state.gov,46956 Meadow Ridge Road,Brazil,1 Day,Hoody,Black,Large
350,4950,Audra,Dolling,adolling9q@theglobeandmail.com,35223 Linden Terrace,Philippines,1 Day,Hoody,White,Medium
354,3043,Rowena,Balazs,rbalazs9u@github.com,35 Butterfield Way,China,1 Day,Hoody,Yellow,Medium
355,5816,Inga,Hallahan,ihallahan9v@mlb.com,4476 Lindbergh Parkway,Afghanistan,1 Day,Hoody,White,Large
367,1279,Nolie,Giuron,ngiurona7@privacy.gov.au,8 Harper Crossing,Indonesia,1 Day,Hoody,Black,Small
369,4272,Nevsa,Belliss,nbellissa9@harvard.edu,99 East Circle,Japan,1 Day,Hoody,Grey,X Large
373,8822,Read,Goodyer,rgoodyerad@marriott.com,852 Stang Point,China,1 Day,Hat,White,Small
375,2930,Orly,Oley,ooleyaf@wikispaces.com,72381 Moland Junction,Sweden,1 Day,Hat,White,Large
378,2196,Josiah,Bineham,jbinehamai@google.es,8976 Montana Parkway,Iran,1 Day,TShirt,Black,Small
382,5175,Codie,Ayling,caylingam@prlog.org,194 Shelley Park,Honduras,1 Day,TShirt,Black,Small
384,7275,Mellisa,Bosnell,mbosnellao@pbs.org,4964 Lakewood Gardens Plaza,Greece,1 Day,Sweatshirt,Grey,X Large
386,8293,Jerry,Turneux,jturneuxaq@fda.gov,30906 Evergreen Junction,Indonesia,1 Day,Hat,Grey,Medium
388,1076,Nate,Bronot,nbronotas@drupal.org,29 Garrison Circle,China,1 Day,Hat,Yellow,Medium
389,4190,Frasquito,Duesbury,fduesburyat@wikimedia.org,3753 Wayridge Plaza,Philippines,1 Day,Hat,Grey,X Large
393,8846,Idalina,Dabnot,idabnotax@businesswire.com,92247 Tomscot Center,Portugal,1 Day,TShirt,Black,Medium
394,2700,Lacy,Ringe,lringeay@newyorker.com,83 Badeau Street,Belarus,1 Day,TShirt,Yellow,Small
395,7599,Adriana,Life,alifeaz@fc2.com,61442 Linden Point,Indonesia,1 Day,TShirt,Grey,Medium
397,4888,Manuel,Casier,mcasierb1@opera.com,63 Starling Crossing,Madagascar,1 Day,Sweatshirt,White,Large
401,9294,Beverie,Menico,bmenicob5@arizona.edu,81 Ruskin Road,Saint Barthelemy,1 Day,TShirt,Black,Large
403,2240,Bella,Caldero,bcalderob7@usatoday.com,2 Calypso Alley,Nicaragua,1 Day,TShirt,Black,X Large
404,1124,Marchelle,Theurer,mtheurerb8@photobucket.com,281 Park Meadow Junction,Poland,1 Day,Hat,White,Small
408,6015,Joni,Clapson,jclapsonbc@youtu.be,01 Tennessee Junction,South Korea,1 Day,Hoody,Grey,Large
411,5849,Britta,Keyzman,bkeyzmanbf@narod.ru,17445 Oneill Terrace,Indonesia,1 Day,TShirt,Yellow,Medium
417,7081,Lizette,Soall,lsoallbl@reuters.com,4714 Bartelt Alley,China,1 Day,Hoody,Red,X Large
422,8990,Vincenz,Renfree,vrenfreebq@w3.org,0896 Declaration Circle,Armenia,1 Day,Hat,Red,Medium
425,7467,Marjie,Littleproud,mlittleproudbt@salon.com,1856 Northland Hill,Peru,1 Day,TShirt,Yellow,Small
426,1208,Boone,Charrisson,bcharrissonbu@de.vu,2181 Del Sol Alley,France,1 Day,TShirt,Grey,X Large
429,4592,Persis,Grimsdell,pgrimsdellbx@mashable.com,8212 Little Fleur Terrace,Czech Republic,1 Day,Hoody,Red,Large
430,2920,Andrea,Yetman,ayetmanby@pcworld.com,53887 Monterey Plaza,Ukraine,1 Day,Sweatshirt,Red,Large
433,5649,Missy,Weavers,mweaversc1@twitpic.com,28874 Magdeline Road,Sweden,1 Day,Sweatshirt,White,Small
434,6309,Goddart,Stanes,gstanesc2@hatena.ne.jp,625 Doe Crossing Way,Ireland,1 Day,Hoody,Yellow,Small
436,8716,Ermina,Olenchikov,eolenchikovc4@1und1.de,067 Northfield Avenue,Poland,1 Day,Hoody,Grey,Medium
437,1170,Marieann,Napper,mnapperc5@themeforest.net,33923 Nelson Pass,Indonesia,1 Day,Sweatshirt,Yellow,Large
445,4648,Wynn,Marking,wmarkingcd@nba.com,69 Autumn Leaf Way,China,1 Day,TShirt,White,X Large
446,9464,Rafael,Velez,rvelezce@facebook.com,12 Lillian Plaza,South Africa,1 Day,Hoody,White,X Large
447,2267,Florian,Willard,fwillardcf@xing.com,4 Becker Drive,Armenia,1 Day,Hat,Yellow,Large
448,3316,Orion,Pietrusiak,opietrusiakcg@xrea.com,635 Lyons Crossing,Colombia,1 Day,Sweatshirt,Black,Small
453,8888,Neala,Bruton,nbrutoncl@last.fm,00 Hudson Parkway,Spain,1 Day,Sweatshirt,Black,Small
459,3633,Teddie,Dignam,tdignamcr@wisc.edu,338 Karstens Street,China,1 Day,Sweatshirt,White,Medium
460,7871,Pia,Shyram,pshyramcs@joomla.org,05 Bowman Alley,Argentina,1 Day,TShirt,Red,Small
464,1769,Karlee,Sinncock,ksinncockcw@elpais.com,8 Dovetail Road,Brazil,1 Day,TShirt,Grey,Medium
466,3734,Netti,Aldersey,nalderseycy@fema.gov,215 Muir Plaza,Philippines,1 Day,Hat,White,X Large
473,9970,Romy,Kellie,rkellied5@mlb.com,8020 Autumn Leaf Crossing,United States,1 Day,Hoody,Black,Large
476,9895,Theressa,Ebbett,tebbettd8@google.it,2121 Crownhardt Hill,China,1 Day,Hat,Black,Medium
478,4973,Caye,Campany,ccampanyda@hubpages.com,2 Hoepker Parkway,China,1 Day,Hat,Red,Medium
484,7361,Kara,Giacomucci,kgiacomuccidg@oracle.com,574 Aberg Crossing,China,1 Day,TShirt,Black,Small
488,6598,Anthiathia,Cescot,acescotdk@photobucket.com,03253 Londonderry Drive,Tunisia,1 Day,Sweatshirt,Red,Large
489,9443,Gussi,Lamperti,glampertidl@wix.com,248 5th Pass,Portugal,1 Day,TShirt,Grey,Small
493,8199,Benetta,Huyghe,bhuyghedp@google.fr,5 Nevada Point,Brazil,1 Day,Hoody,Black,Medium
498,1429,Parker,Morrilly,pmorrillydu@arizona.edu,88 Corscot Hill,Afghanistan,1 Day,Sweatshirt,Grey,X Large
499,2866,Em,Gawkroge,egawkrogedv@netscape.com,6 Monument Point,China,1 Day,Hat,Yellow,X Large
