Country,Item Type,Units Sold
Afghanistan,Baby Food,10012
Afghanistan,Cereal,23243
Afghanistan,Clothes,14612
Afghanistan,Fruits,7902
Afghanistan,Household,3900
Afghanistan,Meat,5731
Afghanistan,Office Supplies,6397
Afghanistan,Personal Care,6116
Afghanistan,Snacks,11108
Afghanistan,Vegetables,11367
Albania,Baby Food,14682
Albania,Beverages,16191
Albania,Clothes,30531
Albania,Cosmetics,25412
Albania,Fruits,2104
Albania,Household,12769
Albania,Meat,2137
Albania,Office Supplies,17009
Albania,Snacks,1891
Albania,Vegetables,15582
Algeria,Baby Food,37331
Algeria,Beverages,29203
Algeria,Cereal,2308
Algeria,Clothes,15112
Algeria,Fruits,8678
Algeria,Meat,27396
Algeria,Office Supplies,5696
Algeria,Personal Care,14893
Algeria,Snacks,8583
Algeria,Vegetables,18777
Andorra,Baby Food,34514
Andorra,Beverages,29862
Andorra,Cereal,16505
Andorra,Clothes,8117
Andorra,Cosmetics,24145
Andorra,Fruits,13601
Andorra,Household,24174
Andorra,Meat,11710
Andorra,Office Supplies,3020
Andorra,Personal Care,18759
Andorra,Snacks,18748
Andorra,Vegetables,14679
Angola,Baby Food,3012
Angola,Beverages,698
Angola,Cereal,4240
Angola,Clothes,6120
Angola,Cosmetics,11688
Angola,Fruits,11876
Angola,Household,31931
Angola,Meat,2016
Angola,Office Supplies,21572
Angola,Personal Care,6548
Angola,Snacks,7054
Angola,Vegetables,13516
Antigua and Barbuda ,Baby Food,20280
Antigua and Barbuda ,Beverages,8722
Antigua and Barbuda ,Cereal,13985
Antigua and Barbuda ,Clothes,13168
Antigua and Barbuda ,Cosmetics,16671
Antigua and Barbuda ,Fruits,17759
Antigua and Barbuda ,Household,7830
Antigua and Barbuda ,Meat,5439
Antigua and Barbuda ,Office Supplies,6197
Antigua and Barbuda ,Personal Care,15360
Antigua and Barbuda ,Snacks,30572
Antigua and Barbuda ,Vegetables,3127
Armenia,Baby Food,5774
Armenia,Beverages,6612
Armenia,Cereal,25629
Armenia,Clothes,5749
Armenia,Fruits,25476
Armenia,Household,12308
Armenia,Meat,38846
Armenia,Office Supplies,7462
Armenia,Personal Care,22898
Armenia,Snacks,19945
Armenia,Vegetables,15229
Australia,Baby Food,21058
Australia,Beverages,48014
Australia,Cereal,14150
Australia,Clothes,10145
Australia,Cosmetics,32392
Australia,Fruits,12795
Australia,Household,19603
Australia,Office Supplies,7088
Australia,Personal Care,14092
Australia,Snacks,17133
Australia,Vegetables,16982
Austria,Beverages,24527
Austria,Cereal,23970
Austria,Clothes,2457
Austria,Cosmetics,10451
Austria,Fruits,16262
Austria,Household,11244
Austria,Meat,4765
Austria,Office Supplies,41302
Austria,Personal Care,9562
Austria,Snacks,7978
Austria,Vegetables,23898
Azerbaijan,Baby Food,21635
Azerbaijan,Beverages,2340
Azerbaijan,Clothes,7856
Azerbaijan,Cosmetics,15407
Azerbaijan,Fruits,22096
Azerbaijan,Household,9703
Azerbaijan,Meat,14152
Azerbaijan,Office Supplies,27650
Azerbaijan,Personal Care,15665
Azerbaijan,Snacks,11998
Azerbaijan,Vegetables,18977
Bahrain,Baby Food,13592
Bahrain,Beverages,17337
Bahrain,Cereal,20313
Bahrain,Cosmetics,3451
Bahrain,Fruits,37921
Bahrain,Household,12701
Bahrain,Meat,8522
Bahrain,Office Supplies,11618
Bahrain,Personal Care,3621
Bahrain,Snacks,13596
Bahrain,Vegetables,5682
Bangladesh,Baby Food,34840
Bangladesh,Beverages,3327
Bangladesh,Clothes,13751
Bangladesh,Cosmetics,22457
Bangladesh,Fruits,7381
Bangladesh,Household,2183
Bangladesh,Meat,13702
Bangladesh,Office Supplies,4365
Bangladesh,Personal Care,12360
Bangladesh,Snacks,10717
Bangladesh,Vegetables,3057
Barbados,Baby Food,538
Barbados,Beverages,19941
Barbados,Cereal,3123
Barbados,Clothes,31704
Barbados,Cosmetics,4924
Barbados,Fruits,18361
Barbados,Household,6826
Barbados,Meat,9158
Barbados,Office Supplies,7391
Barbados,Personal Care,29439
Barbados,Snacks,20570
Barbados,Vegetables,8029
Belarus,Baby Food,13095
Belarus,Beverages,40019
Belarus,Cereal,9375
Belarus,Clothes,31069
Belarus,Cosmetics,16879
Belarus,Fruits,7308
Belarus,Household,17874
Belarus,Office Supplies,16763
Belarus,Personal Care,3305
Belarus,Snacks,20118
Belarus,Vegetables,22753
Belgium,Baby Food,4503
Belgium,Beverages,16221
Belgium,Cereal,10433
Belgium,Clothes,8181
Belgium,Cosmetics,18348
Belgium,Fruits,36003
Belgium,Household,206
Belgium,Meat,17152
Belgium,Office Supplies,15831
Belgium,Snacks,16631
Belgium,Vegetables,14763
Belize,Baby Food,3017
Belize,Beverages,9525
Belize,Cereal,1957
Belize,Clothes,13617
Belize,Cosmetics,6296
Belize,Fruits,20109
Belize,Household,3399
Belize,Meat,11175
Belize,Office Supplies,12360
Belize,Personal Care,8890
Belize,Snacks,25417
Belize,Vegetables,14574
Benin,Baby Food,8033
Benin,Beverages,27573
Benin,Cereal,17805
Benin,Clothes,19294
Benin,Cosmetics,14276
Benin,Fruits,10301
Benin,Household,16666
Benin,Meat,16899
Benin,Office Supplies,7618
Benin,Personal Care,12127
Benin,Snacks,11538
Benin,Vegetables,17149
Bhutan,Baby Food,9811
Bhutan,Beverages,26419
Bhutan,Cereal,13970
Bhutan,Clothes,16052
Bhutan,Cosmetics,6873
Bhutan,Fruits,6613
Bhutan,Household,12776
Bhutan,Meat,16403
Bhutan,Office Supplies,20628
Bhutan,Personal Care,18347
Bhutan,Snacks,37618
Bhutan,Vegetables,7155
Bosnia and Herzegovina,Baby Food,24059
Bosnia and Herzegovina,Beverages,7929
Bosnia and Herzegovina,Cereal,710
Bosnia and Herzegovina,Clothes,2716
Bosnia and Herzegovina,Cosmetics,13183
Bosnia and Herzegovina,Fruits,4228
Bosnia and Herzegovina,Household,21847
Bosnia and Herzegovina,Meat,14553
Bosnia and Herzegovina,Office Supplies,21824
Bosnia and Herzegovina,Personal Care,19653
Bosnia and Herzegovina,Snacks,6395
Bosnia and Herzegovina,Vegetables,27129
Botswana,Baby Food,7690
Botswana,Cereal,24284
Botswana,Clothes,23164
Botswana,Cosmetics,18333
Botswana,Fruits,6884
Botswana,Household,26890
Botswana,Meat,4097
Botswana,Office Supplies,9627
Botswana,Personal Care,6488
Botswana,Snacks,7030
Botswana,Vegetables,15827
Brunei,Baby Food,31365
Brunei,Beverages,8297
Brunei,Cereal,11603
Brunei,Clothes,19050
Brunei,Cosmetics,12244
Brunei,Fruits,15140
Brunei,Household,3645
Brunei,Meat,16624
Brunei,Office Supplies,24817
Brunei,Personal Care,167
Brunei,Snacks,5306
Brunei,Vegetables,12304
Bulgaria,Baby Food,14192
Bulgaria,Beverages,7992
Bulgaria,Cereal,8695
Bulgaria,Clothes,32542
Bulgaria,Cosmetics,8678
Bulgaria,Fruits,30287
Bulgaria,Household,6473
Bulgaria,Meat,19575
Bulgaria,Office Supplies,22392
Bulgaria,Personal Care,9530
Bulgaria,Snacks,16269
Bulgaria,Vegetables,16359
Burkina Faso,Baby Food,4103
Burkina Faso,Beverages,16906
Burkina Faso,Cereal,3615
Burkina Faso,Cosmetics,38564
Burkina Faso,Fruits,25738
Burkina Faso,Household,12507
Burkina Faso,Office Supplies,2476
Burkina Faso,Personal Care,14135
Burkina Faso,Snacks,9769
Burkina Faso,Vegetables,23678
Burundi,Baby Food,12564
Burundi,Beverages,2320
Burundi,Clothes,30839
Burundi,Cosmetics,14802
Burundi,Fruits,18180
Burundi,Household,7548
Burundi,Meat,20839
Burundi,Office Supplies,11940
Burundi,Snacks,19155
Burundi,Vegetables,13811
Cambodia,Baby Food,264
Cambodia,Beverages,16493
Cambodia,Cereal,6708
Cambodia,Clothes,21560
Cambodia,Cosmetics,19431
Cambodia,Fruits,10587
Cambodia,Household,15354
Cambodia,Meat,848
Cambodia,Office Supplies,1456
Cambodia,Personal Care,16826
Cambodia,Snacks,10584
Cambodia,Vegetables,23711
Cameroon,Baby Food,5407
Cameroon,Beverages,24147
Cameroon,Cereal,7201
Cameroon,Cosmetics,14671
Cameroon,Fruits,7766
Cameroon,Household,16802
Cameroon,Office Supplies,10890
Cameroon,Personal Care,49220
Cameroon,Snacks,16796
Cameroon,Vegetables,478
Canada,Beverages,3919
Canada,Clothes,1495
Canada,Cosmetics,12347
Canada,Fruits,4131
Canada,Household,28501
Canada,Office Supplies,14127
Canada,Snacks,1002
Canada,Vegetables,13602
Cape Verde,Baby Food,5509
Cape Verde,Beverages,9794
Cape Verde,Clothes,7831
Cape Verde,Cosmetics,13343
Cape Verde,Fruits,15238
Cape Verde,Household,6088
Cape Verde,Meat,4705
Cape Verde,Office Supplies,9972
Cape Verde,Personal Care,25
Cape Verde,Snacks,33179
Cape Verde,Vegetables,6270
Central African Republic,Baby Food,9008
Central African Republic,Beverages,18864
Central African Republic,Cereal,23421
Central African Republic,Clothes,2051
Central African Republic,Cosmetics,21520
Central African Republic,Fruits,722
Central African Republic,Household,16105
Central African Republic,Meat,6603
Central African Republic,Office Supplies,11185
Central African Republic,Personal Care,19956
Central African Republic,Snacks,17258
Central African Republic,Vegetables,19730
Chad,Baby Food,29592
Chad,Beverages,10588
Chad,Cereal,13449
Chad,Clothes,17312
Chad,Cosmetics,4904
Chad,Fruits,31046
Chad,Household,324
Chad,Meat,17193
Chad,Office Supplies,18937
Chad,Personal Care,5075
Chad,Snacks,28901
China,Baby Food,6919
China,Beverages,9298
China,Cereal,15744
China,Clothes,18677
China,Cosmetics,22437
China,Fruits,16930
China,Household,13873
China,Meat,11275
China,Office Supplies,8128
China,Personal Care,8900
China,Snacks,9042
China,Vegetables,5100
Comoros,Baby Food,5131
Comoros,Beverages,7592
Comoros,Cereal,9763
Comoros,Clothes,14535
Comoros,Cosmetics,20415
Comoros,Fruits,8275
Comoros,Household,22137
Comoros,Meat,17327
Comoros,Office Supplies,13217
Comoros,Personal Care,23407
Comoros,Snacks,6127
Comoros,Vegetables,19995
Costa Rica,Baby Food,10998
Costa Rica,Beverages,6663
Costa Rica,Cereal,18659
Costa Rica,Clothes,10868
Costa Rica,Cosmetics,10392
Costa Rica,Fruits,11673
Costa Rica,Household,4066
Costa Rica,Meat,34046
Costa Rica,Office Supplies,32170
Costa Rica,Personal Care,6409
Costa Rica,Vegetables,8219
Cote d'Ivoire,Baby Food,14950
Cote d'Ivoire,Beverages,29972
Cote d'Ivoire,Cereal,22983
Cote d'Ivoire,Clothes,14201
Cote d'Ivoire,Cosmetics,9261
Cote d'Ivoire,Fruits,14657
Cote d'Ivoire,Household,8748
Cote d'Ivoire,Meat,6269
Cote d'Ivoire,Office Supplies,17153
Cote d'Ivoire,Personal Care,28284
Cote d'Ivoire,Snacks,9793
Cote d'Ivoire,Vegetables,31840
Croatia,Baby Food,6786
Croatia,Beverages,13923
Croatia,Clothes,13799
Croatia,Cosmetics,6267
Croatia,Household,16300
Croatia,Meat,8753
Croatia,Office Supplies,9032
Croatia,Personal Care,3325
Croatia,Snacks,5965
Cuba,Baby Food,18181
Cuba,Beverages,18282
Cuba,Cereal,34605
Cuba,Clothes,22248
Cuba,Cosmetics,5822
Cuba,Fruits,13165
Cuba,Household,22568
Cuba,Meat,6170
Cuba,Office Supplies,50994
Cuba,Personal Care,6176
Cuba,Snacks,9958
Cuba,Vegetables,17043
Cyprus,Baby Food,802
Cyprus,Beverages,8383
Cyprus,Cereal,4765
Cyprus,Clothes,31672
Cyprus,Cosmetics,6531
Cyprus,Fruits,15863
Cyprus,Household,18271
Cyprus,Meat,14753
Cyprus,Office Supplies,3636
Cyprus,Personal Care,25137
Cyprus,Snacks,34285
Cyprus,Vegetables,15427
Czech Republic,Baby Food,9119
Czech Republic,Beverages,8141
Czech Republic,Cereal,34191
Czech Republic,Clothes,2942
Czech Republic,Cosmetics,5581
Czech Republic,Fruits,7270
Czech Republic,Household,43506
Czech Republic,Meat,20487
Czech Republic,Office Supplies,21239
Czech Republic,Personal Care,11806
Czech Republic,Snacks,23247
Czech Republic,Vegetables,3314
Democratic Republic of the Congo,Baby Food,22372
Democratic Republic of the Congo,Beverages,12319
Democratic Republic of the Congo,Cereal,3968
Democratic Republic of the Congo,Clothes,5642
Democratic Republic of the Congo,Cosmetics,25935
Democratic Republic of the Congo,Fruits,23935
Democratic Republic of the Congo,Household,6716
Democratic Republic of the Congo,Meat,6016
Democratic Republic of the Congo,Office Supplies,11045
Democratic Republic of the Congo,Personal Care,14024
Democratic Republic of the Congo,Snacks,41140
Denmark,Baby Food,12218
Denmark,Beverages,15899
Denmark,Cereal,14582
Denmark,Clothes,15700
Denmark,Cosmetics,11410
Denmark,Fruits,5641
Denmark,Household,7684
Denmark,Meat,6116
Denmark,Personal Care,11253
Denmark,Snacks,13365
Denmark,Vegetables,18989
Djibouti,Baby Food,41294
Djibouti,Beverages,2120
Djibouti,Cereal,15880
Djibouti,Clothes,14745
Djibouti,Cosmetics,14123
Djibouti,Fruits,6052
Djibouti,Household,28111
Djibouti,Office Supplies,7525
Djibouti,Personal Care,10056
Djibouti,Snacks,30590
Djibouti,Vegetables,6453
Dominica,Baby Food,9996
Dominica,Beverages,2564
Dominica,Cereal,11944
Dominica,Clothes,1967
Dominica,Cosmetics,15854
Dominica,Fruits,7281
Dominica,Household,9620
Dominica,Meat,10778
Dominica,Office Supplies,534
Dominica,Snacks,7259
Dominica,Vegetables,19548
Dominican Republic,Baby Food,18393
Dominican Republic,Beverages,2409
Dominican Republic,Cereal,3584
Dominican Republic,Clothes,19842
Dominican Republic,Cosmetics,19328
Dominican Republic,Fruits,11192
Dominican Republic,Household,15654
Dominican Republic,Meat,18936
Dominican Republic,Office Supplies,5067
Dominican Republic,Personal Care,18269
Dominican Republic,Snacks,9418
Dominican Republic,Vegetables,24346
East Timor,Baby Food,1539
East Timor,Beverages,25714
East Timor,Cereal,8918
East Timor,Clothes,9094
East Timor,Cosmetics,23125
East Timor,Fruits,19009
East Timor,Household,7843
East Timor,Meat,21642
East Timor,Office Supplies,4969
East Timor,Personal Care,9326
East Timor,Snacks,26311
East Timor,Vegetables,19433
Egypt,Baby Food,2739
Egypt,Beverages,10247
Egypt,Cereal,4833
Egypt,Clothes,18456
Egypt,Cosmetics,6340
Egypt,Fruits,12972
Egypt,Household,34149
Egypt,Meat,21689
Egypt,Office Supplies,1765
Egypt,Personal Care,21608
Egypt,Snacks,11490
Egypt,Vegetables,6907
El Salvador,Baby Food,7153
El Salvador,Beverages,3028
El Salvador,Cereal,33681
El Salvador,Clothes,9721
El Salvador,Cosmetics,9096
El Salvador,Fruits,17691
El Salvador,Household,19127
El Salvador,Meat,11238
El Salvador,Office Supplies,6156
El Salvador,Personal Care,25352
El Salvador,Snacks,22248
El Salvador,Vegetables,2337
Equatorial Guinea,Beverages,10679
Equatorial Guinea,Cereal,19458
Equatorial Guinea,Clothes,19216
Equatorial Guinea,Cosmetics,15864
Equatorial Guinea,Fruits,19555
Equatorial Guinea,Household,12561
Equatorial Guinea,Meat,27168
Equatorial Guinea,Office Supplies,20996
Equatorial Guinea,Personal Care,40662
Equatorial Guinea,Snacks,13181
Equatorial Guinea,Vegetables,20359
Eritrea,Baby Food,1847
Eritrea,Beverages,5713
Eritrea,Cereal,12357
Eritrea,Cosmetics,11578
Eritrea,Fruits,16158
Eritrea,Household,6747
Eritrea,Office Supplies,23648
Eritrea,Personal Care,13250
Eritrea,Snacks,4279
Eritrea,Vegetables,4498
Estonia,Baby Food,11297
Estonia,Beverages,39396
Estonia,Cereal,15193
Estonia,Clothes,24918
Estonia,Cosmetics,5260
Estonia,Fruits,14574
Estonia,Meat,7957
Estonia,Office Supplies,18145
Estonia,Snacks,3488
Estonia,Vegetables,16491
Ethiopia,Baby Food,36689
Ethiopia,Beverages,822
Ethiopia,Cereal,14323
Ethiopia,Clothes,6942
Ethiopia,Cosmetics,20845
Ethiopia,Fruits,19022
Ethiopia,Household,6111
Ethiopia,Meat,14575
Ethiopia,Office Supplies,15166
Ethiopia,Personal Care,33148
Ethiopia,Snacks,9606
Ethiopia,Vegetables,5620
Federated States of Micronesia,Baby Food,16173
Federated States of Micronesia,Beverages,15647
Federated States of Micronesia,Clothes,21325
Federated States of Micronesia,Cosmetics,4137
Federated States of Micronesia,Fruits,8506
Federated States of Micronesia,Household,2938
Federated States of Micronesia,Meat,17258
Federated States of Micronesia,Office Supplies,24076
Federated States of Micronesia,Personal Care,11150
Federated States of Micronesia,Snacks,3765
Federated States of Micronesia,Vegetables,8097
Fiji,Baby Food,16352
Fiji,Beverages,5702
Fiji,Cereal,29334
Fiji,Clothes,35088
Fiji,Cosmetics,23258
Fiji,Fruits,1364
Fiji,Household,14055
Fiji,Meat,2095
Fiji,Office Supplies,9458
Fiji,Personal Care,1824
Fiji,Snacks,9605
Fiji,Vegetables,9529
Finland,Baby Food,14139
Finland,Beverages,15410
Finland,Cereal,10860
Finland,Clothes,9410
Finland,Cosmetics,3596
Finland,Fruits,4134
Finland,Household,9801
Finland,Meat,7397
Finland,Office Supplies,16319
Finland,Personal Care,11083
Finland,Snacks,11136
Finland,Vegetables,23240
France,Cereal,13987
France,Clothes,9480
France,Cosmetics,14962
France,Fruits,13938
France,Household,9419
France,Meat,7410
France,Office Supplies,23658
France,Personal Care,31995
France,Snacks,14054
France,Vegetables,6451
Gabon,Baby Food,6911
Gabon,Beverages,22122
Gabon,Cereal,18866
Gabon,Clothes,2156
Gabon,Cosmetics,8813
Gabon,Fruits,15465
Gabon,Household,10754
Gabon,Meat,38
Gabon,Office Supplies,23234
Gabon,Personal Care,9096
Gabon,Snacks,24717
Gabon,Vegetables,13769
Georgia,Baby Food,13584
Georgia,Cereal,8584
Georgia,Clothes,4302
Georgia,Fruits,12534
Georgia,Household,8765
Georgia,Meat,29867
Georgia,Office Supplies,8180
Georgia,Personal Care,7386
Georgia,Snacks,22469
Georgia,Vegetables,8846
Germany,Baby Food,37479
Germany,Beverages,956
Germany,Cereal,26130
Germany,Clothes,15308
Germany,Cosmetics,9569
Germany,Household,12710
Germany,Meat,12498
Germany,Office Supplies,21412
Germany,Personal Care,25227
Germany,Snacks,3944
Germany,Vegetables,6412
Ghana,Baby Food,46568
Ghana,Beverages,10099
Ghana,Cereal,11068
Ghana,Clothes,15843
Ghana,Cosmetics,11257
Ghana,Fruits,22641
Ghana,Household,31464
Ghana,Meat,33168
Ghana,Office Supplies,28795
Ghana,Personal Care,4032
Ghana,Snacks,10060
Ghana,Vegetables,2568
Greece,Baby Food,21725
Greece,Beverages,24363
Greece,Cereal,26429
Greece,Clothes,9440
Greece,Cosmetics,16144
Greece,Fruits,28672
Greece,Household,14396
Greece,Meat,8209
Greece,Office Supplies,9047
Greece,Personal Care,27447
Greece,Snacks,480
Greece,Vegetables,18678
Greenland,Baby Food,12613
Greenland,Beverages,34544
Greenland,Cereal,4815
Greenland,Clothes,22249
Greenland,Cosmetics,13903
Greenland,Fruits,7417
Greenland,Household,26829
Greenland,Meat,10645
Greenland,Office Supplies,6767
Greenland,Personal Care,12948
Greenland,Snacks,11765
Greenland,Vegetables,8031
Grenada,Baby Food,13368
Grenada,Beverages,39529
Grenada,Cereal,16786
Grenada,Clothes,4712
Grenada,Cosmetics,7746
Grenada,Fruits,14465
Grenada,Household,25814
Grenada,Meat,20242
Grenada,Office Supplies,15406
Grenada,Personal Care,12635
Grenada,Snacks,25825
Grenada,Vegetables,32159
Guatemala,Baby Food,22524
Guatemala,Beverages,25057
Guatemala,Cereal,9754
Guatemala,Cosmetics,8399
Guatemala,Fruits,16785
Guatemala,Household,12689
Guatemala,Meat,22408
Guatemala,Office Supplies,15604
Guatemala,Personal Care,21752
Guatemala,Snacks,558
Guatemala,Vegetables,4694
Guinea,Baby Food,24569
Guinea,Beverages,19499
Guinea,Cereal,8076
Guinea,Clothes,40333
Guinea,Cosmetics,29812
Guinea,Fruits,12707
Guinea,Household,17236
Guinea,Meat,22628
Guinea,Office Supplies,2575
Guinea,Personal Care,6832
Guinea,Snacks,598
Guinea,Vegetables,11037
Guinea-Bissau,Baby Food,28458
Guinea-Bissau,Cereal,2950
Guinea-Bissau,Clothes,21973
Guinea-Bissau,Cosmetics,13792
Guinea-Bissau,Fruits,23419
Guinea-Bissau,Household,11092
Guinea-Bissau,Meat,17179
Guinea-Bissau,Office Supplies,19910
Guinea-Bissau,Personal Care,13436
Guinea-Bissau,Snacks,22093
Guinea-Bissau,Vegetables,14098
Haiti,Baby Food,14247
Haiti,Beverages,23224
Haiti,Cereal,15633
Haiti,Clothes,18446
Haiti,Cosmetics,31957
Haiti,Fruits,19007
Haiti,Household,2231
Haiti,Meat,21265
Haiti,Office Supplies,258
Haiti,Personal Care,19353
Haiti,Snacks,23753
Haiti,Vegetables,24587
Honduras,Baby Food,22044
Honduras,Beverages,2621
Honduras,Cereal,16632
Honduras,Clothes,19297
Honduras,Cosmetics,19526
Honduras,Fruits,3191
Honduras,Household,13432
Honduras,Meat,19659
Honduras,Office Supplies,22021
Honduras,Personal Care,7426
Honduras,Snacks,11973
Honduras,Vegetables,17710
Hungary,Baby Food,40479
Hungary,Beverages,16676
Hungary,Clothes,10457
Hungary,Cosmetics,29916
Hungary,Fruits,10749
Hungary,Household,13574
Hungary,Office Supplies,16817
Hungary,Personal Care,7785
Hungary,Snacks,11170
Hungary,Vegetables,18653
Iceland,Baby Food,21203
Iceland,Beverages,9350
Iceland,Cereal,3931
Iceland,Clothes,6193
Iceland,Cosmetics,16205
Iceland,Fruits,1569
Iceland,Meat,15261
Iceland,Office Supplies,17209
Iceland,Personal Care,8707
Iceland,Snacks,13363
Iceland,Vegetables,2555
India,Baby Food,34836
India,Beverages,11817
India,Cereal,5132
India,Cosmetics,15875
India,Fruits,16370
India,Household,14282
India,Office Supplies,33616
India,Personal Care,36095
India,Snacks,16540
Indonesia,Beverages,32793
Indonesia,Cereal,7099
Indonesia,Clothes,25799
Indonesia,Cosmetics,2840
Indonesia,Fruits,14277
Indonesia,Household,28979
Indonesia,Meat,3811
Indonesia,Office Supplies,3604
Indonesia,Personal Care,23071
Indonesia,Vegetables,29068
Iran,Baby Food,27784
Iran,Beverages,10290
Iran,Clothes,4719
Iran,Cosmetics,26616
Iran,Fruits,19998
Iran,Household,29036
Iran,Meat,19979
Iran,Office Supplies,21566
Iran,Personal Care,615
Iran,Snacks,16573
Iran,Vegetables,8614
Iraq,Baby Food,15455
Iraq,Beverages,5371
Iraq,Cereal,7725
Iraq,Clothes,5949
Iraq,Cosmetics,2447
Iraq,Fruits,10970
Iraq,Household,13456
Iraq,Meat,19592
Iraq,Office Supplies,34339
Iraq,Personal Care,8147
Iraq,Snacks,9417
Iraq,Vegetables,2721
Ireland,Baby Food,5741
Ireland,Beverages,22627
Ireland,Cereal,4966
Ireland,Clothes,10795
Ireland,Cosmetics,8481
Ireland,Fruits,23102
Ireland,Household,23977
Ireland,Meat,7936
Ireland,Office Supplies,20694
Ireland,Personal Care,22648
Ireland,Snacks,1448
Ireland,Vegetables,22781
Israel,Baby Food,1616
Israel,Beverages,11364
Israel,Cereal,4880
Israel,Clothes,6361
Israel,Cosmetics,14447
Israel,Fruits,14674
Israel,Household,5789
Israel,Meat,22403
Israel,Office Supplies,12819
Israel,Personal Care,33904
Israel,Snacks,8397
Israel,Vegetables,19565
Italy,Baby Food,34015
Italy,Beverages,21496
Italy,Cereal,11653
Italy,Clothes,24725
Italy,Fruits,14989
Italy,Household,5855
Italy,Meat,6593
Italy,Office Supplies,23480
Italy,Personal Care,19194
Italy,Snacks,17373
Italy,Vegetables,18007
Jamaica,Baby Food,7361
Jamaica,Beverages,11388
Jamaica,Cereal,9554
Jamaica,Clothes,12188
Jamaica,Cosmetics,13162
Jamaica,Fruits,15406
Jamaica,Household,14343
Jamaica,Meat,6689
Jamaica,Office Supplies,2417
Jamaica,Personal Care,9590
Jamaica,Snacks,23107
Jamaica,Vegetables,19156
Japan,Baby Food,17829
Japan,Beverages,32050
Japan,Cereal,11272
Japan,Clothes,1008
Japan,Cosmetics,18568
Japan,Fruits,10978
Japan,Meat,10150
Japan,Office Supplies,5472
Japan,Personal Care,8269
Japan,Snacks,1591
Japan,Vegetables,15878
Jordan,Baby Food,5660
Jordan,Beverages,7297
Jordan,Cereal,9789
Jordan,Clothes,21981
Jordan,Cosmetics,29726
Jordan,Fruits,34128
Jordan,Household,8991
Jordan,Meat,12492
Jordan,Office Supplies,12992
Jordan,Personal Care,6498
Jordan,Snacks,4492
Jordan,Vegetables,22213
Kazakhstan,Baby Food,21815
Kazakhstan,Beverages,18013
Kazakhstan,Cereal,15566
Kazakhstan,Clothes,8631
Kazakhstan,Cosmetics,13697
Kazakhstan,Fruits,11555
Kazakhstan,Meat,3054
Kazakhstan,Personal Care,1713
Kazakhstan,Snacks,8904
Kazakhstan,Vegetables,19494
Kenya,Baby Food,8155
Kenya,Beverages,18928
Kenya,Cereal,4368
Kenya,Clothes,24677
Kenya,Cosmetics,2561
Kenya,Fruits,16722
Kenya,Meat,19476
Kenya,Office Supplies,24115
Kenya,Personal Care,33065
Kenya,Snacks,6999
Kenya,Vegetables,27469
Kiribati,Baby Food,8856
Kiribati,Beverages,8981
Kiribati,Cereal,17008
Kiribati,Clothes,17592
Kiribati,Fruits,10093
Kiribati,Household,10616
Kiribati,Meat,4348
Kiribati,Office Supplies,36356
Kiribati,Snacks,20651
Kiribati,Vegetables,13687
Kosovo,Baby Food,31605
Kosovo,Beverages,2839
Kosovo,Cereal,3346
Kosovo,Cosmetics,12754
Kosovo,Fruits,27993
Kosovo,Household,8494
Kosovo,Meat,16562
Kosovo,Office Supplies,31183
Kosovo,Personal Care,920
Kosovo,Snacks,10441
Kosovo,Vegetables,35199
Kuwait,Baby Food,14086
Kuwait,Beverages,5893
Kuwait,Clothes,13092
Kuwait,Cosmetics,3375
Kuwait,Fruits,29360
Kuwait,Household,10340
Kuwait,Meat,7796
Kuwait,Office Supplies,9726
Kuwait,Personal Care,9187
Kuwait,Snacks,26717
Kuwait,Vegetables,10576
Kyrgyzstan,Baby Food,16216
Kyrgyzstan,Beverages,22239
Kyrgyzstan,Clothes,4647
Kyrgyzstan,Fruits,15225
Kyrgyzstan,Household,5643
Kyrgyzstan,Meat,10226
Kyrgyzstan,Office Supplies,5837
Kyrgyzstan,Personal Care,12386
Kyrgyzstan,Snacks,16623
Kyrgyzstan,Vegetables,28635
Laos,Baby Food,16314
Laos,Beverages,14382
Laos,Cereal,6048
Laos,Clothes,7683
Laos,Cosmetics,18961
Laos,Fruits,12621
Laos,Household,15202
Laos,Meat,19123
Laos,Office Supplies,7720
Laos,Personal Care,31431
Laos,Snacks,15851
Laos,Vegetables,6127
Latvia,Baby Food,3136
Latvia,Beverages,21695
Latvia,Cereal,5462
Latvia,Clothes,10491
Latvia,Cosmetics,13799
Latvia,Fruits,5792
Latvia,Household,10661
Latvia,Meat,17670
Latvia,Office Supplies,11182
Latvia,Personal Care,27224
Latvia,Snacks,29316
Latvia,Vegetables,3519
Lebanon,Baby Food,15514
Lebanon,Beverages,33273
Lebanon,Cereal,30939
Lebanon,Clothes,37324
Lebanon,Cosmetics,8354
Lebanon,Fruits,5150
Lebanon,Household,18120
Lebanon,Meat,13175
Lebanon,Office Supplies,23367
Lebanon,Personal Care,8927
Lebanon,Vegetables,6093
Lesotho,Baby Food,17434
Lesotho,Beverages,24584
Lesotho,Cereal,21425
Lesotho,Clothes,7180
Lesotho,Fruits,11295
Lesotho,Household,30221
Lesotho,Meat,9540
Lesotho,Office Supplies,13733
Lesotho,Personal Care,19801
Lesotho,Snacks,16124
Lesotho,Vegetables,8530
Liberia,Baby Food,24011
Liberia,Beverages,8491
Liberia,Cereal,24960
Liberia,Clothes,18013
Liberia,Cosmetics,12701
Liberia,Fruits,15408
Liberia,Household,3674
Liberia,Meat,1985
Liberia,Office Supplies,10253
Liberia,Personal Care,4896
Liberia,Snacks,18724
Liberia,Vegetables,28142
Libya,Baby Food,15978
Libya,Beverages,22081
Libya,Cereal,18069
Libya,Clothes,11547
Libya,Cosmetics,8446
Libya,Fruits,3110
Libya,Household,22271
Libya,Meat,21950
Libya,Office Supplies,9917
Libya,Personal Care,25823
Libya,Snacks,9904
Libya,Vegetables,300
Liechtenstein,Baby Food,22435
Liechtenstein,Beverages,840
Liechtenstein,Cereal,21960
Liechtenstein,Clothes,3940
Liechtenstein,Cosmetics,138
Liechtenstein,Fruits,5469
Liechtenstein,Household,21644
Liechtenstein,Meat,9108
Liechtenstein,Office Supplies,7322
Liechtenstein,Personal Care,6779
Liechtenstein,Vegetables,16893
Lithuania,Beverages,7988
Lithuania,Cereal,14199
Lithuania,Clothes,20157
Lithuania,Cosmetics,6107
Lithuania,Fruits,24815
Lithuania,Household,7577
Lithuania,Meat,10728
Lithuania,Office Supplies,31600
Lithuania,Personal Care,13329
Lithuania,Vegetables,16860
Luxembourg,Baby Food,21169
Luxembourg,Cereal,3643
Luxembourg,Clothes,12685
Luxembourg,Cosmetics,15923
Luxembourg,Fruits,8252
Luxembourg,Household,19656
Luxembourg,Meat,6245
Luxembourg,Office Supplies,13943
Luxembourg,Personal Care,14386
Luxembourg,Snacks,18865
Luxembourg,Vegetables,11841
Macedonia,Baby Food,19725
Macedonia,Beverages,43413
Macedonia,Cereal,8563
Macedonia,Clothes,25609
Macedonia,Cosmetics,869
Macedonia,Fruits,24893
Macedonia,Household,17814
Macedonia,Meat,15378
Macedonia,Office Supplies,21818
Macedonia,Personal Care,15487
Macedonia,Snacks,23340
Macedonia,Vegetables,18581
Madagascar,Baby Food,9402
Madagascar,Beverages,13868
Madagascar,Cereal,20640
Madagascar,Clothes,25979
Madagascar,Cosmetics,1704
Madagascar,Fruits,30570
Madagascar,Household,12995
Madagascar,Meat,9632
Madagascar,Office Supplies,17636
Madagascar,Personal Care,9520
Madagascar,Snacks,30480
Madagascar,Vegetables,15704
Malawi,Baby Food,14800
Malawi,Beverages,19032
Malawi,Cereal,6936
Malawi,Cosmetics,18607
Malawi,Fruits,28796
Malawi,Household,6110
Malawi,Meat,22056
Malawi,Office Supplies,13110
Malawi,Personal Care,15896
Malawi,Snacks,14516
Malawi,Vegetables,20696
Malaysia,Baby Food,7350
Malaysia,Beverages,23238
Malaysia,Cereal,22413
Malaysia,Clothes,8938
Malaysia,Cosmetics,23912
Malaysia,Fruits,26922
Malaysia,Household,28248
Malaysia,Meat,8063
Malaysia,Office Supplies,20059
Malaysia,Personal Care,972
Malaysia,Snacks,21513
Malaysia,Vegetables,8740
Maldives,Baby Food,8181
Maldives,Beverages,15807
Maldives,Cereal,8011
Maldives,Clothes,15612
Maldives,Cosmetics,13501
Maldives,Fruits,21208
Maldives,Household,2450
Maldives,Meat,9031
Maldives,Office Supplies,10772
Maldives,Personal Care,28635
Maldives,Snacks,21675
Maldives,Vegetables,18056
Mali,Baby Food,28566
Mali,Beverages,24070
Mali,Cereal,15688
Mali,Clothes,10302
Mali,Cosmetics,19898
Mali,Fruits,18545
Mali,Household,13976
Mali,Meat,10095
Mali,Office Supplies,21920
Mali,Personal Care,18075
Mali,Snacks,12866
Mali,Vegetables,17353
Malta,Baby Food,30499
Malta,Beverages,8905
Malta,Cereal,9229
Malta,Cosmetics,42667
Malta,Fruits,21425
Malta,Household,3062
Malta,Meat,18728
Malta,Office Supplies,11116
Malta,Personal Care,12245
Malta,Snacks,9994
Malta,Vegetables,14305
Marshall Islands,Baby Food,15538
Marshall Islands,Beverages,26006
Marshall Islands,Cereal,10891
Marshall Islands,Clothes,12337
Marshall Islands,Cosmetics,16602
Marshall Islands,Fruits,9139
Marshall Islands,Household,15937
Marshall Islands,Office Supplies,1537
Marshall Islands,Personal Care,42308
Marshall Islands,Snacks,5385
Marshall Islands,Vegetables,6011
Mauritania,Baby Food,11518
Mauritania,Beverages,20113
Mauritania,Cereal,11045
Mauritania,Cosmetics,24945
Mauritania,Fruits,21223
Mauritania,Household,24765
Mauritania,Meat,25202
Mauritania,Office Supplies,3595
Mauritania,Personal Care,16914
Mauritania,Snacks,5396
Mauritania,Vegetables,8825
Mauritius ,Baby Food,29192
Mauritius ,Beverages,5068
Mauritius ,Cereal,30912
Mauritius ,Clothes,6045
Mauritius ,Cosmetics,47370
Mauritius ,Fruits,20724
Mauritius ,Household,13307
Mauritius ,Meat,9785
Mauritius ,Office Supplies,7012
Mauritius ,Personal Care,18728
Mauritius ,Snacks,6361
Mauritius ,Vegetables,5435
Mexico,Baby Food,7055
Mexico,Beverages,16801
Mexico,Cereal,5897
Mexico,Clothes,17043
Mexico,Cosmetics,10560
Mexico,Fruits,10939
Mexico,Household,16258
Mexico,Meat,3483
Mexico,Office Supplies,24624
Mexico,Personal Care,24362
Mexico,Snacks,9050
Mexico,Vegetables,7561
Moldova ,Baby Food,13421
Moldova ,Beverages,22566
Moldova ,Clothes,2366
Moldova ,Cosmetics,20180
Moldova ,Fruits,20339
Moldova ,Household,2378
Moldova ,Meat,35714
Moldova ,Office Supplies,2815
Moldova ,Personal Care,31442
Moldova ,Snacks,14993
Moldova ,Vegetables,8458
Monaco,Baby Food,8614
Monaco,Beverages,757
Monaco,Cereal,2197
Monaco,Clothes,29117
Monaco,Cosmetics,3206
Monaco,Household,15156
Monaco,Meat,615
Monaco,Office Supplies,1429
Monaco,Personal Care,6259
Monaco,Snacks,1057
Monaco,Vegetables,14980
Mongolia,Baby Food,3667
Mongolia,Beverages,27987
Mongolia,Cereal,4664
Mongolia,Clothes,3148
Mongolia,Cosmetics,10657
Mongolia,Fruits,14485
Mongolia,Household,23682
Mongolia,Meat,8402
Mongolia,Personal Care,8385
Mongolia,Snacks,8079
Mongolia,Vegetables,2988
Montenegro,Baby Food,10563
Montenegro,Beverages,22365
Montenegro,Cereal,9487
Montenegro,Clothes,43575
Montenegro,Cosmetics,16922
Montenegro,Fruits,8736
Montenegro,Household,10475
Montenegro,Office Supplies,7467
Montenegro,Personal Care,23683
Montenegro,Snacks,2694
Montenegro,Vegetables,13257
Morocco,Baby Food,7677
Morocco,Beverages,26260
Morocco,Cereal,7410
Morocco,Clothes,7690
Morocco,Cosmetics,27100
Morocco,Fruits,7911
Morocco,Household,856
Morocco,Office Supplies,14088
Morocco,Personal Care,17460
Morocco,Snacks,4587
Morocco,Vegetables,3555
Mozambique,Baby Food,5433
Mozambique,Beverages,11874
Mozambique,Cereal,5042
Mozambique,Clothes,3135
Mozambique,Cosmetics,5337
Mozambique,Fruits,22649
Mozambique,Household,34439
Mozambique,Meat,2480
Mozambique,Office Supplies,17105
Mozambique,Personal Care,30188
Mozambique,Snacks,9382
Mozambique,Vegetables,7075
Myanmar,Baby Food,21192
Myanmar,Beverages,1343
Myanmar,Cereal,14406
Myanmar,Clothes,6593
Myanmar,Cosmetics,22641
Myanmar,Fruits,954
Myanmar,Household,39333
Myanmar,Meat,17735
Myanmar,Office Supplies,3737
Myanmar,Personal Care,31338
Myanmar,Snacks,35091
Myanmar,Vegetables,35148
Namibia,Baby Food,9315
Namibia,Beverages,11073
Namibia,Cereal,7720
Namibia,Clothes,7884
Namibia,Cosmetics,16701
Namibia,Fruits,15929
Namibia,Household,2909
Namibia,Meat,14528
Namibia,Office Supplies,4710
Namibia,Personal Care,7952
Namibia,Snacks,2626
Namibia,Vegetables,19160
Nauru,Baby Food,4157
Nauru,Beverages,15375
Nauru,Cereal,5504
Nauru,Clothes,4094
Nauru,Cosmetics,19360
Nauru,Fruits,14913
Nauru,Household,2003
Nauru,Meat,29532
Nauru,Office Supplies,21620
Nauru,Personal Care,8421
Nauru,Vegetables,7475
Nepal,Baby Food,10456
Nepal,Beverages,5766
Nepal,Cereal,7989
Nepal,Clothes,11836
Nepal,Cosmetics,8094
Nepal,Fruits,45088
Nepal,Household,37060
Nepal,Meat,4821
Nepal,Office Supplies,3475
Nepal,Snacks,684
Nepal,Vegetables,20362
Netherlands,Baby Food,11347
Netherlands,Beverages,24700
Netherlands,Clothes,19498
Netherlands,Cosmetics,7017
Netherlands,Fruits,9465
Netherlands,Household,3727
Netherlands,Meat,5580
Netherlands,Office Supplies,20938
Netherlands,Personal Care,14421
Netherlands,Snacks,5453
Netherlands,Vegetables,22
New Zealand,Baby Food,27391
New Zealand,Beverages,22176
New Zealand,Cereal,13156
New Zealand,Clothes,9453
New Zealand,Cosmetics,19746
New Zealand,Fruits,2187
New Zealand,Household,15762
New Zealand,Meat,23571
New Zealand,Office Supplies,13301
New Zealand,Personal Care,22116
New Zealand,Snacks,6993
Nicaragua,Beverages,25587
Nicaragua,Cereal,13963
Nicaragua,Clothes,12221
Nicaragua,Fruits,13608
Nicaragua,Household,5688
Nicaragua,Meat,27205
Nicaragua,Office Supplies,15043
Nicaragua,Snacks,7824
Nicaragua,Vegetables,8857
Niger,Baby Food,31954
Niger,Beverages,8461
Niger,Cereal,16372
Niger,Clothes,10487
Niger,Cosmetics,12363
Niger,Fruits,23670
Niger,Household,21742
Niger,Meat,20166
Niger,Office Supplies,30808
Niger,Personal Care,22166
Niger,Snacks,1262
Niger,Vegetables,29082
Nigeria,Baby Food,3903
Nigeria,Beverages,22909
Nigeria,Cereal,9085
Nigeria,Clothes,1198
Nigeria,Cosmetics,20441
Nigeria,Household,8317
Nigeria,Meat,19052
Nigeria,Office Supplies,7368
Nigeria,Personal Care,11758
Nigeria,Snacks,23790
Nigeria,Vegetables,9221
North Korea,Beverages,13379
North Korea,Cereal,9016
North Korea,Clothes,29858
North Korea,Cosmetics,1047
North Korea,Fruits,47462
North Korea,Household,19129
North Korea,Meat,9963
North Korea,Personal Care,11156
North Korea,Snacks,13705
Norway,Baby Food,16505
Norway,Beverages,14068
Norway,Cereal,14451
Norway,Clothes,19865
Norway,Cosmetics,25786
Norway,Fruits,19428
Norway,Household,4304
Norway,Meat,13690
Norway,Office Supplies,9087
Norway,Personal Care,15066
Norway,Snacks,17274
Norway,Vegetables,4344
Oman,Baby Food,29055
Oman,Beverages,18697
Oman,Cereal,19979
Oman,Clothes,24015
Oman,Cosmetics,22074
Oman,Fruits,17064
Oman,Household,4011
Oman,Meat,8922
Oman,Office Supplies,20089
Oman,Personal Care,5593
Oman,Snacks,13711
Pakistan,Baby Food,13925
Pakistan,Beverages,22095
Pakistan,Cereal,19637
Pakistan,Clothes,16310
Pakistan,Cosmetics,9892
Pakistan,Fruits,17327
Pakistan,Household,9932
Pakistan,Meat,2554
Pakistan,Office Supplies,10439
Pakistan,Personal Care,23219
Pakistan,Snacks,16696
Pakistan,Vegetables,33976
Palau,Baby Food,26775
Palau,Beverages,3888
Palau,Cereal,34283
Palau,Clothes,9803
Palau,Cosmetics,19282
Palau,Fruits,3996
Palau,Household,15509
Palau,Meat,7951
Palau,Personal Care,3081
Palau,Snacks,15859
Palau,Vegetables,19041
Panama,Baby Food,15246
Panama,Cereal,18324
Panama,Clothes,2733
Panama,Cosmetics,23241
Panama,Fruits,17921
Panama,Household,27750
Panama,Meat,31751
Panama,Office Supplies,5921
Panama,Personal Care,21780
Panama,Snacks,18606
Panama,Vegetables,10873
Papua New Guinea,Baby Food,4333
Papua New Guinea,Beverages,17923
Papua New Guinea,Cereal,20426
Papua New Guinea,Clothes,9829
Papua New Guinea,Cosmetics,23304
Papua New Guinea,Household,28979
Papua New Guinea,Meat,16926
Papua New Guinea,Office Supplies,11370
Papua New Guinea,Snacks,2250
Papua New Guinea,Vegetables,7609
Philippines,Baby Food,10083
Philippines,Beverages,9652
Philippines,Cereal,39825
Philippines,Clothes,4345
Philippines,Cosmetics,17095
Philippines,Fruits,12238
Philippines,Household,8702
Philippines,Office Supplies,13023
Philippines,Personal Care,10868
Philippines,Snacks,12192
Poland,Baby Food,13262
Poland,Beverages,19578
Poland,Cereal,37721
Poland,Clothes,7643
Poland,Cosmetics,6845
Poland,Household,14643
Poland,Meat,11756
Poland,Office Supplies,17396
Poland,Personal Care,5060
Poland,Snacks,20607
Poland,Vegetables,12201
Portugal,Baby Food,13971
Portugal,Beverages,4859
Portugal,Cereal,20439
Portugal,Clothes,2265
Portugal,Cosmetics,10292
Portugal,Household,8784
Portugal,Meat,26592
Portugal,Office Supplies,46184
Portugal,Personal Care,5104
Portugal,Snacks,14434
Portugal,Vegetables,5511
Qatar,Baby Food,1743
Qatar,Cereal,29058
Qatar,Clothes,18327
Qatar,Cosmetics,18225
Qatar,Fruits,33231
Qatar,Household,31625
Qatar,Meat,15165
Qatar,Office Supplies,8284
Qatar,Personal Care,12333
Qatar,Snacks,12552
Qatar,Vegetables,31383
Republic of the Congo,Baby Food,13595
Republic of the Congo,Beverages,4821
Republic of the Congo,Cereal,8438
Republic of the Congo,Clothes,19599
Republic of the Congo,Cosmetics,22662
Republic of the Congo,Fruits,23360
Republic of the Congo,Household,12997
Republic of the Congo,Meat,31478
Republic of the Congo,Office Supplies,18240
Republic of the Congo,Personal Care,22971
Republic of the Congo,Snacks,20506
Republic of the Congo,Vegetables,16659
Romania,Baby Food,24962
Romania,Beverages,10565
Romania,Cereal,21947
Romania,Clothes,27856
Romania,Cosmetics,24550
Romania,Fruits,26143
Romania,Household,4580
Romania,Meat,13769
Romania,Office Supplies,11315
Romania,Personal Care,24372
Romania,Snacks,29820
Romania,Vegetables,2809
Russia,Baby Food,16775
Russia,Beverages,19923
Russia,Cereal,1944
Russia,Clothes,25606
Russia,Cosmetics,17129
Russia,Fruits,15990
Russia,Household,7488
Russia,Meat,7392
Russia,Office Supplies,31030
Russia,Personal Care,17195
Russia,Snacks,23517
Russia,Vegetables,5119
Rwanda,Baby Food,30197
Rwanda,Beverages,20337
Rwanda,Clothes,20652
Rwanda,Cosmetics,11919
Rwanda,Fruits,17266
Rwanda,Household,8508
Rwanda,Meat,26887
Rwanda,Office Supplies,50011
Rwanda,Personal Care,11385
Rwanda,Snacks,18016
Rwanda,Vegetables,6867
Saint Kitts and Nevis ,Baby Food,14672
Saint Kitts and Nevis ,Beverages,19497
Saint Kitts and Nevis ,Cereal,15620
Saint Kitts and Nevis ,Clothes,18369
Saint Kitts and Nevis ,Cosmetics,18003
Saint Kitts and Nevis ,Fruits,9377
Saint Kitts and Nevis ,Household,5292
Saint Kitts and Nevis ,Meat,13298
Saint Kitts and Nevis ,Office Supplies,9672
Saint Kitts and Nevis ,Personal Care,28338
Saint Kitts and Nevis ,Snacks,7906
Saint Kitts and Nevis ,Vegetables,27126
Saint Lucia,Baby Food,25481
Saint Lucia,Beverages,23535
Saint Lucia,Cereal,6960
Saint Lucia,Cosmetics,32321
Saint Lucia,Fruits,16616
Saint Lucia,Household,4445
Saint Lucia,Meat,13906
Saint Lucia,Office Supplies,4655
Saint Lucia,Personal Care,14235
Saint Lucia,Snacks,1993
Saint Lucia,Vegetables,17208
Saint Vincent and the Grenadines,Baby Food,11221
Saint Vincent and the Grenadines,Beverages,20802
Saint Vincent and the Grenadines,Cereal,9072
Saint Vincent and the Grenadines,Clothes,21863
Saint Vincent and the Grenadines,Cosmetics,1167
Saint Vincent and the Grenadines,Fruits,22375
Saint Vincent and the Grenadines,Household,15688
Saint Vincent and the Grenadines,Meat,3901
Saint Vincent and the Grenadines,Office Supplies,5689
Saint Vincent and the Grenadines,Personal Care,6905
Saint Vincent and the Grenadines,Vegetables,11811
Samoa ,Baby Food,17258
Samoa ,Beverages,13309
Samoa ,Cereal,5840
Samoa ,Clothes,12509
Samoa ,Cosmetics,34766
Samoa ,Fruits,13862
Samoa ,Household,17736
Samoa ,Meat,11158
Samoa ,Office Supplies,11447
Samoa ,Personal Care,19683
Samoa ,Vegetables,40709
San Marino,Baby Food,13595
San Marino,Beverages,14681
San Marino,Cereal,15691
San Marino,Clothes,21124
San Marino,Cosmetics,12302
San Marino,Fruits,19387
San Marino,Household,10596
San Marino,Meat,10031
San Marino,Office Supplies,26215
San Marino,Personal Care,25889
San Marino,Snacks,11303
San Marino,Vegetables,19611
Sao Tome and Principe,Baby Food,12250
Sao Tome and Principe,Beverages,8829
Sao Tome and Principe,Cereal,29518
Sao Tome and Principe,Clothes,19979
Sao Tome and Principe,Cosmetics,13148
Sao Tome and Principe,Fruits,30941
Sao Tome and Principe,Household,9015
Sao Tome and Principe,Meat,3275
Sao Tome and Principe,Office Supplies,18845
Sao Tome and Principe,Personal Care,14104
Sao Tome and Principe,Snacks,14523
Sao Tome and Principe,Vegetables,30737
Saudi Arabia,Baby Food,29595
Saudi Arabia,Cereal,7193
Saudi Arabia,Cosmetics,7755
Saudi Arabia,Household,5293
Saudi Arabia,Meat,14484
Saudi Arabia,Office Supplies,7505
Saudi Arabia,Personal Care,11988
Saudi Arabia,Snacks,34027
Saudi Arabia,Vegetables,22801
Senegal,Baby Food,5594
Senegal,Beverages,24706
Senegal,Cereal,11127
Senegal,Clothes,1493
Senegal,Cosmetics,25128
Senegal,Fruits,27655
Senegal,Household,23491
Senegal,Meat,6735
Senegal,Personal Care,15082
Senegal,Snacks,17314
Senegal,Vegetables,23004
Serbia,Baby Food,6798
Serbia,Beverages,33680
Serbia,Cereal,11579
Serbia,Clothes,13657
Serbia,Cosmetics,12783
Serbia,Fruits,9102
Serbia,Household,6115
Serbia,Meat,14798
Serbia,Office Supplies,22770
Serbia,Snacks,23108
Serbia,Vegetables,42350
Seychelles ,Baby Food,20560
Seychelles ,Beverages,16657
Seychelles ,Cereal,17354
Seychelles ,Clothes,22071
Seychelles ,Fruits,18871
Seychelles ,Household,10678
Seychelles ,Meat,8750
Seychelles ,Office Supplies,27017
Seychelles ,Personal Care,3762
Seychelles ,Snacks,8390
Seychelles ,Vegetables,18286
Sierra Leone,Beverages,20402
Sierra Leone,Cereal,23231
Sierra Leone,Cosmetics,23440
Sierra Leone,Fruits,8250
Sierra Leone,Household,24524
Sierra Leone,Meat,18357
Sierra Leone,Office Supplies,11906
Sierra Leone,Personal Care,14569
Sierra Leone,Snacks,2430
Sierra Leone,Vegetables,9956
Singapore,Baby Food,43979
Singapore,Beverages,4571
Singapore,Cereal,18274
Singapore,Clothes,692
Singapore,Cosmetics,6238
Singapore,Fruits,8285
Singapore,Meat,9007
Singapore,Office Supplies,7694
Singapore,Personal Care,20755
Singapore,Snacks,3894
Singapore,Vegetables,15406
Slovakia,Baby Food,4835
Slovakia,Beverages,28980
Slovakia,Cereal,2303
Slovakia,Clothes,10154
Slovakia,Cosmetics,25027
Slovakia,Fruits,314
Slovakia,Household,5897
Slovakia,Meat,166
Slovakia,Office Supplies,33207
Slovakia,Personal Care,6158
Slovakia,Snacks,11577
Slovakia,Vegetables,28740
Slovenia,Baby Food,2011
Slovenia,Beverages,28562
Slovenia,Cereal,26234
Slovenia,Clothes,21547
Slovenia,Cosmetics,19344
Slovenia,Fruits,26730
Slovenia,Household,22629
Slovenia,Meat,9822
Slovenia,Office Supplies,9736
Slovenia,Personal Care,11346
Slovenia,Vegetables,6634
Solomon Islands,Baby Food,46727
Solomon Islands,Beverages,15924
Solomon Islands,Cereal,3404
Solomon Islands,Clothes,10373
Solomon Islands,Cosmetics,12136
Solomon Islands,Fruits,23800
Solomon Islands,Household,11211
Solomon Islands,Meat,11026
Solomon Islands,Office Supplies,17696
Solomon Islands,Personal Care,31721
Solomon Islands,Snacks,9742
Solomon Islands,Vegetables,18042
Somalia,Baby Food,29103
Somalia,Beverages,20776
Somalia,Cereal,17290
Somalia,Clothes,33471
Somalia,Cosmetics,24380
Somalia,Fruits,4824
Somalia,Household,13172
Somalia,Meat,12503
Somalia,Office Supplies,4101
Somalia,Personal Care,40099
Somalia,Snacks,13662
Somalia,Vegetables,8971
South Africa,Baby Food,21384
South Africa,Beverages,14378
South Africa,Cereal,4453
South Africa,Clothes,19372
South Africa,Cosmetics,14815
South Africa,Fruits,7772
South Africa,Household,20888
South Africa,Meat,21127
South Africa,Office Supplies,5501
South Africa,Personal Care,1498
South Africa,Snacks,1845
South Africa,Vegetables,6274
South Korea,Baby Food,6926
South Korea,Beverages,6626
South Korea,Cereal,4284
South Korea,Clothes,12619
South Korea,Cosmetics,13759
South Korea,Fruits,29979
South Korea,Household,41736
South Korea,Meat,14545
South Korea,Office Supplies,11732
South Korea,Personal Care,27351
South Korea,Snacks,23330
South Korea,Vegetables,8934
South Sudan,Baby Food,21856
South Sudan,Beverages,25762
South Sudan,Cereal,17126
South Sudan,Cosmetics,25781
South Sudan,Fruits,6434
South Sudan,Household,22650
South Sudan,Meat,19111
South Sudan,Office Supplies,20015
South Sudan,Personal Care,8141
South Sudan,Snacks,9777
South Sudan,Vegetables,650
Spain,Baby Food,9558
Spain,Beverages,9679
Spain,Cereal,13408
Spain,Clothes,12598
Spain,Cosmetics,5444
Spain,Fruits,23310
Spain,Household,11787
Spain,Meat,21016
Spain,Office Supplies,8833
Spain,Personal Care,2666
Spain,Snacks,5465
Spain,Vegetables,37450
Sri Lanka,Baby Food,4312
Sri Lanka,Beverages,17201
Sri Lanka,Cereal,11798
Sri Lanka,Clothes,18194
Sri Lanka,Cosmetics,23514
Sri Lanka,Fruits,9071
Sri Lanka,Household,9756
Sri Lanka,Meat,11737
Sri Lanka,Office Supplies,25119
Sri Lanka,Personal Care,5966
Sri Lanka,Snacks,25714
Sri Lanka,Vegetables,17103
Sudan,Baby Food,10497
Sudan,Beverages,28875
Sudan,Cereal,16829
Sudan,Clothes,4489
Sudan,Cosmetics,15368
Sudan,Fruits,28051
Sudan,Household,34019
Sudan,Meat,9249
Sudan,Office Supplies,22962
Sudan,Personal Care,10382
Sudan,Snacks,6248
Sudan,Vegetables,17453
Swaziland,Baby Food,20469
Swaziland,Beverages,4627
Swaziland,Cereal,8880
Swaziland,Clothes,16881
Swaziland,Cosmetics,4774
Swaziland,Fruits,35828
Swaziland,Household,12718
Swaziland,Meat,2256
Swaziland,Office Supplies,27092
Swaziland,Personal Care,28321
Swaziland,Vegetables,14918
Sweden,Baby Food,28804
Sweden,Cereal,8395
Sweden,Cosmetics,33374
Sweden,Fruits,19714
Sweden,Household,13930
Sweden,Meat,11960
Sweden,Personal Care,20353
Sweden,Snacks,22803
Sweden,Vegetables,15932
Switzerland,Baby Food,30184
Switzerland,Beverages,13966
Switzerland,Cereal,5787
Switzerland,Clothes,21945
Switzerland,Cosmetics,36287
Switzerland,Fruits,21321
Switzerland,Household,1607
Switzerland,Meat,16728
Switzerland,Office Supplies,150
Switzerland,Personal Care,6614
Switzerland,Snacks,15877
Switzerland,Vegetables,12690
Syria,Beverages,11617
Syria,Cereal,9876
Syria,Clothes,21829
Syria,Cosmetics,8288
Syria,Fruits,21757
Syria,Household,7485
Syria,Meat,12001
Syria,Personal Care,2059
Syria,Snacks,8977
Syria,Vegetables,23552
Taiwan,Baby Food,15571
Taiwan,Beverages,10560
Taiwan,Cereal,5985
Taiwan,Clothes,33977
Taiwan,Cosmetics,24215
Taiwan,Fruits,5831
Taiwan,Household,12139
Taiwan,Meat,22886
Taiwan,Office Supplies,10443
Taiwan,Personal Care,25422
Taiwan,Vegetables,23493
Tajikistan,Baby Food,30720
Tajikistan,Beverages,25922
Tajikistan,Cereal,23407
Tajikistan,Clothes,15711
Tajikistan,Fruits,15659
Tajikistan,Meat,9509
Tajikistan,Office Supplies,14082
Tajikistan,Personal Care,18652
Tajikistan,Vegetables,17323
Tanzania,Baby Food,7880
Tanzania,Beverages,1900
Tanzania,Cereal,19758
Tanzania,Clothes,8471
Tanzania,Fruits,20620
Tanzania,Household,26942
Tanzania,Meat,11108
Tanzania,Office Supplies,6470
Tanzania,Personal Care,25761
Tanzania,Snacks,19402
Tanzania,Vegetables,2450
Thailand,Baby Food,22675
Thailand,Beverages,16034
Thailand,Cereal,376
Thailand,Clothes,2128
Thailand,Cosmetics,12427
Thailand,Fruits,18465
Thailand,Household,9892
Thailand,Meat,8394
Thailand,Personal Care,9484
Thailand,Snacks,17526
Thailand,Vegetables,16287
The Bahamas,Baby Food,33973
The Bahamas,Beverages,5938
The Bahamas,Cereal,25346
The Bahamas,Clothes,13887
The Bahamas,Cosmetics,12188
The Bahamas,Household,6732
The Bahamas,Personal Care,771
The Bahamas,Snacks,9491
The Bahamas,Vegetables,22336
The Gambia,Baby Food,20958
The Gambia,Beverages,8786
The Gambia,Cereal,2117
The Gambia,Cosmetics,3086
The Gambia,Fruits,5630
The Gambia,Household,19814
The Gambia,Meat,17065
The Gambia,Office Supplies,15427
The Gambia,Snacks,9360
The Gambia,Vegetables,17082
Togo,Baby Food,19984
Togo,Beverages,18731
Togo,Cereal,4754
Togo,Clothes,9769
Togo,Cosmetics,8386
Togo,Fruits,25107
Togo,Household,5008
Togo,Meat,8106
Togo,Office Supplies,23697
Togo,Personal Care,7353
Togo,Snacks,1282
Togo,Vegetables,20895
Tonga,Baby Food,16109
Tonga,Beverages,29011
Tonga,Cereal,23500
Tonga,Clothes,7235
Tonga,Cosmetics,7875
Tonga,Fruits,26414
Tonga,Household,12023
Tonga,Meat,31576
Tonga,Office Supplies,24602
Tonga,Personal Care,8004
Tonga,Snacks,23775
Tonga,Vegetables,11774
Trinidad and Tobago,Baby Food,5172
Trinidad and Tobago,Beverages,15546
Trinidad and Tobago,Cereal,1335
Trinidad and Tobago,Cosmetics,12800
Trinidad and Tobago,Fruits,11334
Trinidad and Tobago,Household,26117
Trinidad and Tobago,Meat,7798
Trinidad and Tobago,Office Supplies,12492
Trinidad and Tobago,Personal Care,6703
Trinidad and Tobago,Snacks,19294
Trinidad and Tobago,Vegetables,3294
Tunisia ,Baby Food,16859
Tunisia ,Beverages,9566
Tunisia ,Cereal,34718
Tunisia ,Clothes,26721
Tunisia ,Cosmetics,15238
Tunisia ,Household,11787
Tunisia ,Meat,15412
Tunisia ,Personal Care,19976
Tunisia ,Snacks,24322
Tunisia ,Vegetables,19902
Turkey,Baby Food,7320
Turkey,Beverages,15878
Turkey,Cereal,15579
Turkey,Clothes,35258
Turkey,Cosmetics,23045
Turkey,Fruits,22407
Turkey,Household,23397
Turkey,Meat,18078
Turkey,Office Supplies,3704
Turkey,Personal Care,11753
Turkey,Snacks,8554
Turkey,Vegetables,12070
Turkmenistan,Baby Food,241
Turkmenistan,Beverages,15922
Turkmenistan,Cereal,2230
Turkmenistan,Clothes,19513
Turkmenistan,Cosmetics,19580
Turkmenistan,Fruits,15314
Turkmenistan,Household,28250
Turkmenistan,Meat,16061
Turkmenistan,Office Supplies,24765
Turkmenistan,Personal Care,17152
Turkmenistan,Vegetables,5530
Tuvalu,Baby Food,30355
Tuvalu,Beverages,10441
Tuvalu,Cereal,10563
Tuvalu,Clothes,8875
Tuvalu,Cosmetics,13304
Tuvalu,Fruits,4028
Tuvalu,Household,20632
Tuvalu,Office Supplies,1701
Tuvalu,Personal Care,19061
Tuvalu,Snacks,10198
Tuvalu,Vegetables,6631
Uganda,Beverages,23799
Uganda,Cereal,25267
Uganda,Clothes,19653
Uganda,Cosmetics,1680
Uganda,Fruits,7981
Uganda,Household,7433
Uganda,Meat,7315
Uganda,Office Supplies,22528
Uganda,Personal Care,13685
Uganda,Snacks,2259
Uganda,Vegetables,6428
Ukraine,Baby Food,1161
Ukraine,Beverages,18442
Ukraine,Cereal,24539
Ukraine,Clothes,13382
Ukraine,Cosmetics,37816
Ukraine,Household,4847
Ukraine,Meat,19685
Ukraine,Office Supplies,31636
Ukraine,Personal Care,29608
Ukraine,Snacks,1443
Ukraine,Vegetables,5794
United Arab Emirates,Baby Food,264
United Arab Emirates,Beverages,6360
United Arab Emirates,Clothes,12753
United Arab Emirates,Cosmetics,20855
United Arab Emirates,Fruits,9737
United Arab Emirates,Household,14441
United Arab Emirates,Meat,15286
United Arab Emirates,Personal Care,14453
United Arab Emirates,Snacks,1629
United Arab Emirates,Vegetables,9556
United Kingdom,Baby Food,13693
United Kingdom,Beverages,10719
United Kingdom,Cereal,5720
United Kingdom,Clothes,18012
United Kingdom,Cosmetics,18449
United Kingdom,Fruits,7290
United Kingdom,Household,13809
United Kingdom,Office Supplies,3829
United Kingdom,Personal Care,31919
United Kingdom,Snacks,3529
United Kingdom,Vegetables,16857
United States of America,Baby Food,22976
United States of America,Beverages,32797
United States of America,Cereal,12936
United States of America,Clothes,8007
United States of America,Cosmetics,8127
United States of America,Fruits,13772
United States of America,Household,16208
United States of America,Meat,18859
United States of America,Office Supplies,29176
United States of America,Personal Care,18521
United States of America,Snacks,10900
United States of America,Vegetables,7080
Uzbekistan,Baby Food,8613
Uzbekistan,Beverages,18744
Uzbekistan,Cereal,48271
Uzbekistan,Clothes,6867
Uzbekistan,Cosmetics,23544
Uzbekistan,Fruits,8678
Uzbekistan,Household,12929
Uzbekistan,Meat,23148
Uzbekistan,Office Supplies,18928
Uzbekistan,Personal Care,24246
Uzbekistan,Snacks,3896
Vanuatu,Beverages,7146
Vanuatu,Cereal,34294
Vanuatu,Clothes,1869
Vanuatu,Cosmetics,19615
Vanuatu,Fruits,25890
Vanuatu,Household,15620
Vanuatu,Meat,24020
Vanuatu,Office Supplies,31603
Vanuatu,Personal Care,9444
Vanuatu,Snacks,25067
Vanuatu,Vegetables,33362
Vatican City,Baby Food,5762
Vatican City,Beverages,17683
Vatican City,Cereal,2073
Vatican City,Clothes,11962
Vatican City,Cosmetics,3784
Vatican City,Fruits,15244
Vatican City,Household,12069
Vatican City,Meat,9381
Vatican City,Office Supplies,2162
Vatican City,Personal Care,11701
Vatican City,Snacks,15149
Vatican City,Vegetables,8550
Vietnam,Baby Food,8865
Vietnam,Beverages,13342
Vietnam,Cereal,20643
Vietnam,Clothes,12085
Vietnam,Cosmetics,6384
Vietnam,Fruits,12360
Vietnam,Household,7257
Vietnam,Meat,3921
Vietnam,Office Supplies,18784
Vietnam,Personal Care,321
Vietnam,Snacks,7665
Vietnam,Vegetables,8788
Yemen,Baby Food,7382
Yemen,Beverages,11849
Yemen,Cereal,22339
Yemen,Clothes,6513
Yemen,Cosmetics,21733
Yemen,Fruits,4675
Yemen,Household,5679
Yemen,Office Supplies,12565
Yemen,Personal Care,26148
Yemen,Snacks,4299
Yemen,Vegetables,17216
Zambia,Baby Food,26100
Zambia,Beverages,17451
Zambia,Cereal,20563
Zambia,Clothes,1374
Zambia,Cosmetics,5359
Zambia,Fruits,3524
Zambia,Household,10817
Zambia,Meat,24546
Zambia,Office Supplies,15102
Zambia,Personal Care,15145
Zambia,Snacks,13798
Zambia,Vegetables,991
Zimbabwe,Baby Food,13079
Zimbabwe,Beverages,5805
Zimbabwe,Cereal,9659
Zimbabwe,Clothes,12098
Zimbabwe,Fruits,29153
Zimbabwe,Household,5372
Zimbabwe,Meat,17743
Zimbabwe,Office Supplies,8136
Zimbabwe,Personal Care,6684
Zimbabwe,Snacks,9241
Zimbabwe,Vegetables,27725
